Antecedent,Consequence,Support,Confidence,Fitness,LHS_len,rhs_name,v
"{Diameter∈[0.313903,0.410466], Viscera.weight∈[0.0945135,0.340998]}",Rings==7,0.0023940627,0.0102564103,0.012650472999999999,2,Rings,7
"{Height∈[0.01,0.24], Viscera.weight∈[0.0005,0.541]}",Rings==10,9.576251e-4,9.576251e-4,0.0019152502,2,Rings,10
"{Height∈[0.155456,0.22945], Length∈[0.20193,0.588735], Shucked.weight∈[0.445621,1.06276]}",Rings==13,2.394063e-4,0.008,0.0082394063,3,Rings,13
"{Diameter∈[0.269822,0.565455], Shell.weight∈[0.403406,0.885]}",Rings==8,2.394063e-4,0.0055865922,0.0058259984999999995,2,Rings,8
"{Sex==M, Whole.weight∈[0.018,1.50089]}",Rings==8,0.0033516878,0.0085731782,0.011924866,2,Rings,8
"{Diameter∈[0.228182,0.459519], Shell.weight∈[0.230496,0.882133]}",Rings==9,0.0260952837,0.1566091954,0.1827044791,2,Rings,9
"{Diameter∈[0.318596,0.516969], Sex==I}",Rings==11,4.788125e-4,0.002259887,0.0027386995,2,Rings,11
"{Length∈[0.227534,0.684052], Shell.weight∈[0.349822,0.419947]}",Rings==12,2.394063e-4,0.003003003,0.0032424093,2,Rings,12
